,WSMUSDT,MULTIUSDT,Spread,Z-Score
0,0.01778,1.8645,-0.0008650000000000012,
1,0.01732,1.889,-0.001570000000000002,
2,0.01661,1.872,-0.0021100000000000008,
3,0.02032,1.8889,0.0014310000000000017,
4,0.02128,1.9208,0.002072000000000001,
5,0.02119,1.907,0.0021200000000000004,
6,0.02105,1.9112,0.0019379999999999988,
7,0.02104,1.8993,0.002047,
8,0.0211,1.88,0.0023,
9,0.02152,1.872,0.0028000000000000004,
10,0.02115,1.8651,0.0024989999999999978,
11,0.02115,1.9052,0.002097999999999999,
12,0.02097,1.9286,0.001683999999999998,
13,0.02087,1.9369,0.0015009999999999989,
14,0.02129,1.9552,0.001738,
15,0.02123,1.9458,0.0017719999999999993,
16,0.02152,1.9447,0.0020729999999999985,
17,0.02159,1.9459,0.002131000000000001,
18,0.02125,1.9701,0.0015490000000000018,
19,0.02114,2.0051,0.0010889999999999962,
20,0.0211,2.0215,0.0008850000000000004,
21,0.02109,2.0309,0.0007810000000000004,
22,0.02095,2.0256,0.0006940000000000002,
23,0.02084,2.01,0.0007400000000000011,
24,0.02069,2.0227,0.0004630000000000016,
25,0.02053,2.041,0.00011999999999999858,
26,0.02055,2.0146,0.0004039999999999981,
27,0.02067,2.0145,0.0005250000000000012,
28,0.02054,2.0773,-0.00023300000000000404,
29,0.02068,2.0971,-0.00029100000000000306,
30,0.02041,2.072,-0.00031000000000000125,
31,0.02102,2.075,0.0002699999999999994,
32,0.02104,2.0557,0.0004830000000000008,
33,0.02107,2.0671,0.00039900000000000005,
34,0.02103,2.1112,-8.200000000000221e-05,
35,0.021,2.1167,-0.000166999999999997,
36,0.02104,2.1426,-0.00038599999999999746,
37,0.02102,2.122,-0.0001999999999999988,
38,0.02105,2.1043,7.000000000000062e-06,
39,0.0211,2.0759,0.000341000000000001,
40,0.02129,2.129,0.0,
41,0.02114,2.0687,0.0004529999999999951,
42,0.02107,2.0568,0.000501999999999999,
43,0.02101,2.0445,0.0005649999999999995,
44,0.02104,2.023,0.0008099999999999982,
45,0.02107,2.021,0.0008599999999999997,
46,0.02104,2.0207,0.0008329999999999969,
47,0.02102,2.0235,0.000785000000000001,
48,0.02105,2.0092,0.0009580000000000005,
49,0.02114,2.0046,0.0010939999999999978,
50,0.02103,1.9973,0.001056999999999999,
51,0.02103,2.0024,0.0010059999999999965,
52,0.0211,2.0006,0.0010940000000000012,
53,0.02107,2.0019,0.0010509999999999964,
54,0.02136,2.014,0.0012200000000000023,
55,0.02117,1.9908,0.0012620000000000027,
56,0.02139,1.9883,0.001506999999999998,
57,0.02119,1.9999,0.001191000000000001,
58,0.0212,1.9914,0.001285999999999999,
59,0.02188,2.0089,0.0017909999999999975,0.9605466820562101
60,0.02156,2.0018,0.0015420000000000017,0.6763610339007112
61,0.02101,1.9864,0.0011460000000000012,0.21924550498506898
62,0.02104,1.9899,0.0011409999999999997,0.17082468569883022
63,0.0211,1.9919,0.0011810000000000015,0.2277366200053809
64,0.02112,1.9996,0.001124,0.17782677169021893
65,0.02095,2.0035,0.0009150000000000026,-0.0693237317608824
66,0.02099,1.9973,0.0010170000000000005,0.08757763331388933
67,0.02092,1.9859,0.0010609999999999994,0.17210645069756975
68,0.02087,1.9848,0.0010219999999999986,0.15247862221904587
69,0.02104,1.9915,0.0011249999999999975,0.36004079065405575
70,0.02096,2.002,0.0009399999999999999,0.12684718333688175
71,0.02105,1.9944,0.0011059999999999993,0.43129653206066176
72,0.02092,1.9894,0.0010259999999999991,0.3228361371559006
73,0.02097,1.9896,0.0010739999999999986,0.41882396922785015
74,0.02097,1.9786,0.001184000000000001,0.6307910197315844
75,0.02097,2.0,0.0009699999999999986,0.2931409676675702
76,0.02107,2.0157,0.0009130000000000006,0.23728444149078573
77,0.02093,2.0055,0.0008750000000000008,0.21766489236635994
78,0.02129,2.0058,0.0012320000000000005,0.9324462196119951
79,0.02147,2.0031,0.0014389999999999993,1.312717418966267
80,0.02179,1.9925,0.001865000000000002,2.033128575351614
81,0.02148,2.001,0.001469999999999999,1.254300905020597
82,0.02124,1.978,0.0014599999999999995,1.1974919363554628
83,0.0212,1.9782,0.0014179999999999991,1.0890300610249535
84,0.02127,1.9766,0.0015040000000000019,1.20206278811268
85,0.02152,1.9555,0.0019650000000000015,1.9349850433755817
86,0.02149,1.9699,0.0017909999999999975,1.5637214477813524
87,0.02145,1.9697,0.001753000000000001,1.4410890067319129
88,0.02137,1.961,0.0017599999999999977,1.4188632601026228
89,0.02098,1.9874,0.0011059999999999993,0.2568686088637562
90,0.02086,1.9852,0.0010079999999999985,0.04272811241070159
91,0.02044,1.9832,0.0006079999999999974,-0.7318723660740057
92,0.02083,1.9911,0.0009189999999999997,-0.15271022924328054
93,0.02137,1.9718,0.0016520000000000007,1.2173131783471263
94,0.02071,1.9741,0.0009689999999999976,-0.1355202131427281
95,0.02047,1.9742,0.0007279999999999995,-0.6802979300952472
96,0.02036,1.9647,0.0007130000000000018,-0.8127731772082746
97,0.02156,1.9822,0.001738,1.5329680386344693
98,0.02185,1.9743,0.0021070000000000012,2.3692411208242197
99,0.02191,2.0059,0.0018509999999999985,1.696331973831083
100,0.02165,2.0171,0.0014789999999999977,0.772162129424323
101,0.02224,2.0241,0.0019990000000000008,2.069388322683702
102,0.02126,1.9965,0.001295000000000001,0.1872556903461481
103,0.02175,2.0017,0.0017329999999999984,1.3404382086936826
104,0.02147,1.9967,0.0015030000000000009,0.6820542641262934
105,0.02101,2.0085,0.0009249999999999987,-0.9265872512747906
106,0.02109,2.0081,0.0010089999999999995,-0.7066384978175626
107,0.02105,1.9906,0.0011439999999999992,-0.3499821522271562
108,0.02109,1.9935,0.0011549999999999998,-0.3299280371982186
109,0.02105,1.9983,0.0010669999999999985,-0.5800021668444189
110,0.02113,2.0038,0.0010919999999999992,-0.5106788876836351
111,0.0211,2.0138,0.000962000000000001,-0.879072857765698
112,0.02103,2.0079,0.0009510000000000005,-0.8993227133388063
113,0.02091,2.0072,0.0008379999999999985,-1.1993015123508333
114,0.02078,2.0099,0.0006809999999999976,-1.5812172175217092
115,0.02076,2.0195,0.000565000000000003,-1.8150366379006353
116,0.02075,2.0207,0.0005429999999999983,-1.7874823184255615
117,0.02085,2.0202,0.0006479999999999993,-1.461909160791445
118,0.02104,2.0052,0.0009879999999999993,-0.5757574435708426
119,0.021,2.0015,0.0009849999999999998,-0.5582066752814017
120,0.02113,2.0012,0.001118000000000001,-0.19525981030648953
121,0.02129,2.0114,0.001176,-0.04476291250844703
122,0.02101,2.0144,0.0008659999999999987,-0.8392505704376673
123,0.021,2.023,0.0007699999999999999,-1.0607997989383176
124,0.02101,2.0094,0.0009160000000000036,-0.6731324226495666
125,0.02113,1.996,0.0011699999999999974,-0.032088465490951394
126,0.02112,2.0057,0.001062999999999998,-0.3100743156341746
127,0.0211,2.013,0.0009700000000000021,-0.5451038165984492
128,0.02122,1.9937,0.0012829999999999994,0.24986543959496965
129,0.02121,1.9997,0.0012129999999999988,0.0656887715502154
130,0.02116,1.9998,0.0011619999999999998,-0.07557413686867939
131,0.02135,1.9962,0.0013880000000000003,0.49601104942444707
132,0.02141,1.9858,0.0015519999999999978,0.8921733223665715
133,0.02147,1.9823,0.0016469999999999992,1.1010673640741064
134,0.02133,1.9956,0.0013739999999999968,0.39790608538921046
135,0.02134,2.0102,0.0012379999999999995,0.04113302912124596
136,0.0213,1.9998,0.0013019999999999976,0.18872936690397926
137,0.02087,1.9893,0.0009769999999999987,-0.650688429125041
138,0.021,2.0043,0.0009569999999999995,-0.6875128453046679
139,0.02084,2.0153,0.0006870000000000001,-1.329607744101614
140,0.02112,2.0078,0.0010419999999999978,-0.4065267045698548
141,0.02172,2.0224,0.0014959999999999973,0.7656545497603277
142,0.02161,1.9911,0.0016989999999999991,1.2669578927968819
143,0.0215,2.0646,0.0008539999999999971,-0.8667819730934648
144,0.0215,1.9592,0.0019079999999999965,1.7618767469013255
145,0.02137,1.9615,0.0017549999999999996,1.410080043473722
146,0.02138,1.9679,0.0017010000000000011,1.2842015326358038
147,0.02147,1.9465,0.002005,2.0091016539143185
148,0.02128,1.9467,0.0018129999999999986,1.5226223282531353
149,0.02122,1.9552,0.0016679999999999993,1.126556604628693
150,0.02159,1.9581,0.0020090000000000004,1.8700993472244372
151,0.02163,1.9553,0.002076999999999999,1.9457977884874613
152,0.02174,1.9591,0.002148999999999998,2.004949884982813
153,0.02144,1.9822,0.0016180000000000014,0.7930548675893345
154,0.02129,1.9553,0.001736999999999999,1.0308678295872358
155,0.02135,1.9658,0.001691999999999999,0.898093020159447
156,0.02141,1.9686,0.0017239999999999998,0.9405223547299341
157,0.02141,1.9735,0.0016749999999999994,0.8315051075995056
158,0.02137,1.9652,0.0017180000000000008,0.9669241909215034
159,0.02125,2.0002,0.0012480000000000026,-0.124069472456918
160,0.02124,1.9838,0.001401999999999997,0.24920532456927755
161,0.02124,1.9964,0.0012759999999999994,-0.025438283061919593
162,0.02101,2.0028,0.0009820000000000002,-0.734074625098711
163,0.02114,2.0198,0.0009419999999999984,-0.8039904801976693
164,0.02123,2.0062,0.0011679999999999954,-0.2332749703558511
165,0.02118,1.998,0.0011999999999999997,-0.16643850587577452
166,0.02101,2.0186,0.0008239999999999983,-1.086646465249992
167,0.02119,2.0189,0.0010010000000000019,-0.6416619247713837
168,0.02144,2.0156,0.0012840000000000004,0.0502875168805211
169,0.02141,2.001,0.0013999999999999985,0.32291927781562196
170,0.02125,2.0128,0.0011220000000000015,-0.36456269039456995
171,0.02149,1.9854,0.0016359999999999986,0.8753730407625663
172,0.02088,1.978,0.0011000000000000003,-0.45379481684559725
173,0.02089,1.9523,0.0013670000000000002,0.1870689265837144
174,0.02052,1.9762,0.0007580000000000017,-1.3451690518015498
175,0.02038,1.9665,0.0007150000000000004,-1.475048693834893
176,0.02038,1.9568,0.0008119999999999968,-1.2634157215481499
177,0.02042,1.9453,0.0009669999999999991,-0.8923923538063374
178,0.02045,1.9472,0.0009779999999999997,-0.8626493546222145
179,0.02049,1.955,0.0009399999999999999,-0.9590008837040771
180,0.02019,1.9428,0.0007619999999999988,-1.3904540622090504
181,0.02084,1.9824,0.0010159999999999995,-0.7231176434162689
182,0.02084,1.9896,0.0009440000000000004,-0.9154137435257563
183,0.02102,1.9939,0.0010809999999999986,-0.5818683310052742
184,0.02112,1.981,0.0013099999999999987,0.0018534517359972667
185,0.02108,2.0806,0.00027399999999999994,-2.548936888157759
186,0.02107,2.0641,0.0004289999999999988,-2.061583324351586
187,0.02142,2.09,0.0005200000000000031,-1.7822097401517427
188,0.02122,2.0941,0.000278999999999998,-2.2111863538346515
189,0.02101,2.0974,3.600000000000131e-05,-2.557540360135908
190,0.021,2.085,0.00015000000000000083,-2.1843135208803233
191,0.02044,2.0748,-0.0003080000000000027,-2.8410551349078252
192,0.02027,2.072,-0.0004500000000000025,-2.838207100846272
193,0.0205,2.1151,-0.0006509999999999988,-2.906673407732759
194,0.0207,2.109,-0.00039000000000000146,-2.3188838636835563
195,0.02028,2.1243,-0.0009629999999999986,-2.9175627518384184
196,0.02058,2.0865,-0.00028500000000000053,-1.8455063343878386
197,0.02084,2.0875,-3.500000000000031e-05,-1.4445260800489141
198,0.02108,2.0822,0.0002580000000000013,-1.0158059084559117
199,0.02152,2.082,0.0007000000000000027,-0.4127590276319521
200,0.02202,2.0866,0.0011540000000000022,0.20447916200169786
201,0.02271,2.0781,0.0019290000000000002,1.2405034620439244
202,0.02286,2.0776,0.002083999999999999,1.426531971057314
203,0.02316,2.0497,0.0026629999999999987,2.07964126076652
204,0.02311,2.066,0.002450000000000001,1.7637251079291352
205,0.02336,2.0625,0.002734999999999998,2.0407569188445933
206,0.02281,2.0569,0.002241,1.405775338030964
207,0.02302,2.0662,0.002357999999999999,1.5259279561462993
208,0.02325,2.075,0.0024999999999999988,1.653527660530508
209,0.02278,2.0622,0.0021580000000000037,1.2285876704455074
210,0.0225,2.076,0.0017399999999999985,0.7484150712275027
211,0.02303,2.067,0.0023599999999999975,1.4609755452282505
212,0.02308,2.0541,0.0025389999999999996,1.6441347295213093
213,0.02328,2.0627,0.002652999999999999,1.715685399724489
214,0.02283,2.0664,0.0021660000000000013,1.1497060844564804
215,0.02269,2.0742,0.0019479999999999983,0.8975837426453703
216,0.02308,2.0869,0.002211000000000001,1.1720342674139208
217,0.0237,2.069,0.003009999999999999,1.9679011111057336
218,0.02347,2.0735,0.0027350000000000013,1.6218549926339072
219,0.02317,2.0675,0.0024950000000000007,1.3274153209564046
220,0.02311,2.099,0.002119999999999997,0.9207688667384015
221,0.0224,2.09,0.0015000000000000013,0.28011099969034997
222,0.02262,2.0659,0.001961000000000001,0.733410922831965
223,0.02261,2.0639,0.001971000000000004,0.7234131985428839
224,0.02243,2.0543,0.0018869999999999963,0.6236323803412214
225,0.02229,2.0607,0.001682999999999997,0.4078698608062337
226,0.02297,2.0496,0.0024740000000000005,1.1697623399670904
227,0.02308,2.0552,0.002527999999999999,1.1847879429200197
228,0.02246,2.0245,0.0022149999999999982,0.8535543646478687
229,0.02198,2.0451,0.0015289999999999991,0.17525145723332958
230,0.02258,2.0539,0.0020409999999999977,0.662450372109076
231,0.02286,2.1007,0.0018530000000000005,0.47363445047738295
232,0.02247,2.0811,0.0016589999999999973,0.274213873505912
233,0.02259,2.0815,0.0017749999999999988,0.3808338521533808
234,0.02273,2.0873,0.001857000000000001,0.4439099366500948
235,0.02308,2.0899,0.002180999999999999,0.737249522784152
236,0.02283,2.0806,0.002023999999999998,0.5637711820743642
237,0.02318,2.0935,0.002244999999999997,0.7573192018463402
238,0.02318,2.0772,0.0024080000000000004,0.8890613534418219
239,0.02317,2.0321,0.002849000000000001,1.2723121352888658
240,0.02301,2.0252,0.002758,1.1450387901364527
241,0.02301,2.0404,0.002605999999999997,0.9688566226892406
242,0.02306,2.041,0.0026499999999999996,0.9786275651013264
243,0.02407,2.053,0.0035400000000000015,1.7377023031433396
244,0.02338,2.004,0.0033400000000000027,1.493853284644689
245,0.02341,1.9692,0.003717999999999999,1.760701276027592
246,0.02343,1.9818,0.0036120000000000006,1.6016910719329622
247,0.02326,1.9487,0.0037729999999999986,1.6731726726896001
248,0.02346,1.9348,0.004112000000000001,1.884413206962775
249,0.02355,2.0803,0.002747000000000003,0.6862819453394199
250,0.02339,2.0952,0.002437999999999999,0.3905369173947901
251,0.02393,2.1043,0.0028870000000000007,0.7691526347697735
252,0.02338,2.1418,0.001962000000000002,-0.12836067480283664
253,0.02311,2.1488,0.0016219999999999984,-0.5266221113317555
254,0.02268,2.1128,0.0015519999999999978,-0.6701519280228737
255,0.02208,2.107,0.001009999999999997,-1.428069705232253
256,0.02245,2.1025,0.0014249999999999992,-1.0373151743323938
257,0.02214,2.1153,0.0009869999999999983,-1.716589816060506
258,0.02227,2.1188,0.001082000000000003,-1.6760880810139633
259,0.02216,2.1431,0.000728999999999997,-2.1837613930084103
260,0.02263,2.1468,0.0011620000000000033,-1.5657290566780644
261,0.0234,2.1406,0.0019939999999999992,-0.378350624194391
262,0.023,2.1358,0.0016419999999999976,-0.8660794789549392
263,0.02293,2.1492,0.0014379999999999983,-1.1181855327152426
264,0.0225,2.143,0.0010700000000000015,-1.5715778284846795
265,0.02308,2.1428,0.0016520000000000007,-0.7425909053983223
266,0.02372,2.1592,0.002128000000000005,-0.08260855813159367
267,0.02371,2.1719,0.0019909999999999997,-0.26333020614504477
268,0.02409,2.1492,0.0025979999999999996,0.5719335860941814
269,0.02432,2.141,0.0029099999999999994,0.9768526907535408
270,0.02422,2.137,0.0028499999999999984,0.8667355627909455
271,0.02475,2.1406,0.0033439999999999998,1.489191434169305
272,0.02446,2.1322,0.0031379999999999984,1.1873352862701059
273,0.02402,2.1347,0.0026729999999999983,0.57141427397922
274,0.02384,2.1378,0.002461999999999999,0.28556361098466987
275,0.02363,2.1226,0.0024040000000000034,0.19902878583895767
276,0.02395,2.121,0.0027399999999999994,0.6299004717851059
277,0.0245,2.1197,0.0033030000000000004,1.355641787790097
278,0.02465,2.121,0.0034399999999999986,1.4948692083617903
279,0.02471,2.1325,0.003384999999999999,1.3825328535989778
280,0.02443,2.143,0.0030000000000000027,0.870736124616339
281,0.02386,2.144,0.0024199999999999985,0.1221011024664628
282,0.02433,2.1339,0.0029910000000000006,0.8224613729595792
283,0.02463,2.112,0.0035099999999999992,1.423960496220198
284,0.02623,2.1358,0.004871999999999998,2.845678261608791
285,0.02702,2.124,0.005779999999999997,3.430901614779507
286,0.02735,2.1381,0.005968999999999999,3.2303551664216763
287,0.02747,2.1352,0.0061179999999999984,3.039167668328207
288,0.0269,2.1416,0.005483999999999999,2.329111152020345
289,0.02798,2.1149,0.006831,3.0982895001256083
290,0.02772,2.115,0.0065699999999999995,2.6693696788531343
291,0.02678,2.1225,0.005555000000000001,1.8531363436232007
292,0.02612,2.07,0.005420000000000001,1.684061502919947
293,0.02715,2.0568,0.006582000000000001,2.318256537373712
294,0.02551,2.0794,0.004715999999999998,1.0656232467225897
295,0.02548,2.104,0.0044399999999999995,0.8591382970705099
296,0.02501,2.1237,0.003773000000000002,0.4102756859879945
297,0.0247,2.1162,0.0035379999999999995,0.24454838675954052
298,0.02493,2.1143,0.0037869999999999987,0.39171081737557123
299,0.02503,2.126,0.0037700000000000025,0.3703870781265211
300,0.02489,2.0777,0.004112999999999999,0.5773405377267535
301,0.0256,2.125,0.00435,0.7100408635368209
302,0.025,2.105,0.003950000000000002,0.43729860155646477
303,0.02498,2.1259,0.0037209999999999986,0.28722971802179614
304,0.02472,2.1241,0.0034789999999999995,0.12939806898057868
305,0.02556,2.1474,0.004085999999999996,0.5166407599350397
306,0.02499,2.1468,0.003522000000000001,0.15395698306805378
307,0.02513,2.1594,0.0035359999999999975,0.16563689788828953
308,0.02478,2.1259,0.003521,0.1626817147673978
309,0.0253,2.1458,0.003841999999999998,0.35845707236998703
310,0.02487,2.153,0.0033399999999999992,0.024142453693777988
311,0.025,2.1604,0.0033959999999999997,0.054985739337435516
312,0.02459,2.1644,0.0029460000000000007,-0.2491325611454064
313,0.02411,2.1784,0.0023260000000000017,-0.6661346004221792
314,0.02412,2.2108,0.002012,-0.8822304471079015
315,0.02428,2.2046,0.0022339999999999964,-0.7610684903461834
316,0.02395,2.2367,0.001583000000000001,-1.202669237436655
317,0.02415,2.2337,0.0018130000000000021,-1.0706548093501853
318,0.02468,2.2413,0.0022670000000000017,-0.7874138995815875
319,0.02453,2.2338,0.0021919999999999995,-0.876913507636631
320,0.02435,2.2401,0.0019489999999999993,-1.072239438238962
321,0.02458,2.2259,0.002321,-0.8118269119154627
322,0.02439,2.2387,0.002002999999999998,-1.0509881927944693
323,0.02394,2.2163,0.0017770000000000008,-1.2258037167475127
324,0.02409,2.2225,0.0018649999999999986,-1.1884290058921527
325,0.02394,2.208,0.001859999999999997,-1.1986703831557344
326,0.02359,2.2381,0.0012089999999999983,-1.6452973413941105
327,0.02332,2.2218,0.0011019999999999988,-1.686994539667334
328,0.02386,2.2068,0.0017919999999999985,-1.170209946068743
329,0.02379,2.179,0.0019999999999999983,-1.0032996071419884
330,0.02423,2.1638,0.0025920000000000006,-0.5799724396710314
331,0.02415,2.1666,0.0024840000000000036,-0.6439287696278936
332,0.02313,2.1597,0.0015329999999999996,-1.277409318462537
333,0.02324,2.1657,0.0015829999999999976,-1.216703857844999
334,0.02349,2.1404,0.0020859999999999976,-0.8637689175685348
335,0.02397,2.1813,0.0021570000000000027,-0.8105960082457057
336,0.02382,2.186,0.00196,-0.9307762333205802
337,0.02353,2.2007,0.001523,-1.1927701954639534
338,0.02368,2.1603,0.002076999999999999,-0.8011679970810949
339,0.02374,2.2068,0.0016719999999999999,-1.0426643000693794
340,0.02422,2.229,0.0019299999999999977,-0.8549770647061476
341,0.02416,2.2291,0.0018690000000000026,-0.8851870857604577
342,0.02391,2.2272,0.0016380000000000006,-1.0127597368895165
343,0.02449,2.2158,0.0023319999999999973,-0.5484589432942722
344,0.02499,2.2125,0.0028649999999999995,-0.18358029145661373
345,0.02468,2.2089,0.002591000000000003,-0.33642683349309666
346,0.02428,2.2367,0.0019130000000000015,-0.7671104034212621
347,0.02462,2.2041,0.002578999999999998,-0.27790310863230566
348,0.02466,2.256,0.0021000000000000046,-0.596684602881261
349,0.02503,2.2611,0.002419000000000001,-0.3318970171470329
350,0.02355,2.2448,0.0011019999999999988,-1.3960373830495219
351,0.02354,2.2763,0.0007769999999999964,-1.649615916332608
352,0.02375,2.2461,0.0012889999999999985,-1.1890819499719163
353,0.02347,2.2443,0.0010270000000000001,-1.4973975414393972
354,0.02436,2.2521,0.0018390000000000004,-0.6520818129717726
355,0.02409,2.277,0.0013199999999999983,-1.1774895506592258
356,0.0239,2.263,0.0012700000000000003,-1.194802282103696
357,0.02439,2.2779,0.0016110000000000013,-0.793734631821185
358,0.02431,2.266,0.0016499999999999987,-0.7244757526234084
359,0.0243,2.237,0.0019299999999999977,-0.3839532368026713
360,0.02403,2.2572,0.0014579999999999975,-0.9058798206037795
361,0.0236,2.2439,0.0011609999999999988,-1.2510069627792602
362,0.02401,2.2464,0.0015459999999999988,-0.7511525240067598
363,0.02367,2.2635,0.0010349999999999977,-1.3839178352337507
364,0.02387,2.2727,0.0011429999999999982,-1.210663819681117
365,0.02657,2.2509,0.004060999999999999,2.7212012610643064
366,0.02769,2.2576,0.005113999999999997,3.7134949727694444
367,0.02854,2.2725,0.005815000000000001,3.9702090001534724
368,0.02791,2.3479,0.004431000000000001,2.394667171701283
369,0.02625,2.3345,0.0029050000000000013,0.846763052537142
370,0.02632,2.365,0.0026699999999999953,0.6166381609159085
371,0.02783,2.3539,0.004291,2.2712413166367944
372,0.02768,2.3603,0.004076999999999997,1.9724795777725068
373,0.02973,2.3677,0.006052999999999996,3.479580684786885
374,0.02594,2.381,0.0021300000000000034,-0.05669699065322778
375,0.027,2.3871,0.0031289999999999964,0.8252275001362728
376,0.02216,2.3601,-0.0014410000000000013,-2.9755464197967076
377,0.02247,2.3535,-0.001065,-2.4832805779378537
378,0.02227,2.3748,-0.0014780000000000001,-2.5931444896761455
379,0.02239,2.355,-0.0011600000000000013,-2.2178846133712034
380,0.02256,2.4945,-0.0023849999999999982,-2.8148159295268176
381,0.02257,2.4697,-0.0021270000000000004,-2.4598739746359777
382,0.0223,2.5658,-0.003358,-2.9244510622825124
383,0.02259,2.358,-0.0009900000000000013,-1.5130272816606993
384,0.02211,2.2589,-0.00047900000000000026,-1.1899913473831056
385,0.02218,2.2582,-0.00040200000000000305,-1.1144681853623566
386,0.02207,2.267,-0.0005999999999999998,-1.1920964519659203
387,0.02172,2.2118,-0.0003980000000000025,-1.05950514729212
388,0.0216,2.227,-0.000669999999999997,-1.1694836557625277
389,0.02165,2.2057,-0.0004070000000000046,-1.0005975666343372
390,0.02162,2.1803,-0.00018299999999999914,-0.855538567539222
391,0.02192,2.1953,-3.300000000000178e-05,-0.75318380079964
392,0.02146,2.1828,-0.00036800000000000027,-0.9052835605217886
393,0.02167,2.1463,0.00020699999999999538,-0.5932282548253481
394,0.02169,2.1297,0.0003929999999999975,-0.4820142205962132
395,0.02166,2.1742,-8.200000000000221e-05,-0.7063899437945649
396,0.02156,2.2215,-0.0006549999999999993,-0.9723709968761647
397,0.02141,2.2427,-0.001017000000000004,-1.1237887887594784
398,0.02151,2.2449,-0.0009389999999999989,-1.0504908860040525
399,0.02162,2.2552,-0.0009319999999999988,-1.0165945792352498
400,0.02163,2.2494,-0.0008640000000000002,-0.9533449224927764
401,0.02175,2.2359,-0.0006090000000000019,-0.8032717179581836
402,0.02202,2.2615,-0.0005949999999999983,-0.7746090733319525
403,0.02213,2.2513,-0.0003830000000000014,-0.6484510783697106
404,0.02189,2.223,-0.00034,-0.6039052216862903
405,0.02138,2.2152,-0.0007719999999999984,-0.789882744502557
406,0.02133,2.2275,-0.0009450000000000014,-0.8485473043410258
407,0.02137,2.2365,-0.0009949999999999994,-0.8443492518811908
408,0.02133,2.1968,-0.0006380000000000031,-0.6465117056351644
409,0.0212,2.2169,-0.0009689999999999976,-0.7824601709744673
410,0.02111,2.2199,-0.0010889999999999997,-0.8192108599096823
411,0.0211,2.2297,-0.0011969999999999967,-0.8507231436716882
412,0.02079,2.2753,-0.001963000000000003,-1.1841411309990026
413,0.02089,2.2696,-0.001806000000000002,-1.0755137415473135
414,0.02102,2.3379,-0.002359,-1.2919409192481686
415,0.0212,2.3751,-0.002551000000000001,-1.3334956696688003
416,0.02098,2.2543,-0.0015630000000000054,-0.8478056995629465
417,0.02139,2.2532,-0.0011420000000000007,-0.6314149868751276
418,0.02101,2.2197,-0.0011870000000000006,-0.6305804356670157
419,0.02101,2.2141,-0.001131,-0.5826159375747556
420,0.02081,2.1879,-0.0010690000000000005,-0.5346850953532807
421,0.02118,2.2359,-0.0011789999999999995,-0.5673724929545517
422,0.02175,2.2131,-0.0003809999999999994,-0.18216859073657005
423,0.02193,2.1784,0.00014600000000000377,0.07085590895287548
424,0.02231,2.1248,0.0010620000000000004,0.5000158965131336
425,0.02215,2.1064,0.0010860000000000002,0.5504974735547293
426,0.0225,2.0979,0.001520999999999998,0.8299148773962425
427,0.02201,2.1153,0.0008569999999999967,0.5808385980146321
428,0.02161,2.1212,0.00039799999999999905,0.3871456250337109
429,0.02193,2.1146,0.0007840000000000034,0.6498655800276649
430,0.02221,2.1203,0.001007000000000001,0.8179549185822419
431,0.0221,2.1134,0.0009660000000000016,0.884413316504584
432,0.02231,2.116,0.0011499999999999982,1.1107053812904562
433,0.02211,2.1167,0.0009430000000000029,1.2607524817799731
434,0.0221,2.1256,0.000844000000000001,1.2349094225366901
435,0.02224,2.119,0.0010499999999999954,1.5709584949415945
436,0.02163,2.0976,0.0006540000000000018,1.148071632142908
437,0.02262,2.1011,0.0016089999999999993,1.9598239479920163
438,0.02283,2.1136,0.001694000000000001,1.9382957555357472
439,0.02378,2.1176,0.0026039999999999987,2.5590316121273844
440,0.02321,2.1179,0.0020310000000000016,1.9863926366012885
441,0.02281,2.0995,0.0018150000000000006,1.7371592839996475
442,0.02225,2.1278,0.0009719999999999972,1.017865900265771
443,0.02239,2.1376,0.001014000000000001,1.0210356610940303
444,0.02237,2.1226,0.0011440000000000027,1.1017296652891289
445,0.02172,2.1229,0.0004909999999999984,0.5129976113906273
446,0.02207,2.1487,0.0005830000000000002,0.5758493064250768
447,0.02252,2.1567,0.000952999999999999,0.875604756944243
448,0.0222,2.1587,0.000612999999999999,0.5601999865026562
449,0.02212,2.1657,0.00046299999999999814,0.4164709980245609
450,0.02236,2.1619,0.0007409999999999986,0.643226243534915
451,0.02293,2.1597,0.0013329999999999974,1.1253390396787926
452,0.02342,2.1574,0.0018460000000000004,1.505662954703722
453,0.02286,2.1417,0.0014429999999999964,1.13578891557804
454,0.02313,2.1445,0.0016850000000000025,1.3010013993778502
455,0.02311,2.1475,0.0016349999999999976,1.2206322507568534
456,0.02307,2.1459,0.0016109999999999979,1.1609044774490356
457,0.02422,2.1517,0.002702999999999997,1.9397373679123293
458,0.02385,2.1569,0.0022810000000000018,1.5451964880409743
459,0.02232,2.1664,0.0006560000000000003,0.2689035064456538
460,0.02267,2.1509,0.0011609999999999988,0.6386213339353967
461,0.02198,2.1507,0.00047299999999999773,0.08663171013590279
462,0.02148,2.166,-0.0001799999999999996,-0.43357264573934146
463,0.02144,2.1616,-0.00017599999999999907,-0.4337555301056562
464,0.02091,2.1516,-0.0006060000000000024,-0.7680654392595394
465,0.02085,2.1417,-0.0005670000000000015,-0.7416925590997533
466,0.02058,2.1377,-0.0007970000000000026,-0.92708952700799
467,0.02063,2.1154,-0.0005240000000000036,-0.7213941671533478
468,0.02082,2.1354,-0.0005339999999999998,-0.7315239793062186
469,0.02072,2.1183,-0.0004630000000000016,-0.6858130519917908
470,0.02079,2.0907,-0.00011700000000000252,-0.42601964156477934
471,0.02071,2.0892,-0.0001820000000000016,-0.4986585951075297
472,0.02076,2.1166,-0.0004060000000000001,-0.7249596510452474
473,0.02111,2.1327,-0.00021699999999999844,-0.605033882839144
474,0.02048,2.1327,-0.0008469999999999971,-1.2261610949605293
475,0.02051,1.6329,0.004181000000000001,3.1623104601820935
476,0.02041,2.1823,-0.001413000000000001,-1.8090806217910849
477,0.02034,2.19,-0.0015599999999999989,-1.912791081547304
478,0.02047,2.2149,-0.0016790000000000034,-1.9843762198024386
479,0.02021,2.1979,-0.0017690000000000032,-2.0198520846965287
480,0.02028,2.1766,-0.0014860000000000012,-1.7549698543717207
481,0.02044,2.2234,-0.0017940000000000005,-1.976903815843667
482,0.02042,2.2529,-0.0021089999999999998,-2.1383789687479027
483,0.02011,2.2588,-0.002478000000000001,-2.291207707921888
484,0.02017,2.261,-0.002440000000000001,-2.131913203381347
485,0.02009,2.2524,-0.002434000000000002,-2.0138592635777903
486,0.0199,2.2782,-0.002881999999999999,-2.1969602715112884
487,0.02007,2.2791,-0.002721000000000001,-1.9774740991382704
488,0.01978,2.2827,-0.0030470000000000046,-2.074731881687258
489,0.02013,2.278,-0.002650000000000003,-1.73905847078307
490,0.02018,2.2674,-0.0024939999999999997,-1.574661525111975
491,0.01997,2.2698,-0.002727999999999998,-1.6447080391735422
492,0.01995,2.3465,-0.0035150000000000008,-2.0045284289020118
493,0.01959,2.2234,-0.0026440000000000005,-1.4422528404951704
494,0.01946,2.2818,-0.003358,-1.7654877377644802
495,0.01976,2.2012,-0.0022520000000000005,-1.1111457929250816
496,0.02014,2.2022,-0.0018819999999999983,-0.8789169004442979
497,0.02013,2.197,-0.0018400000000000014,-0.8270430709654283
498,0.02057,2.22,-0.0016299999999999995,-0.6850657786461952
499,0.02072,2.1807,-0.0010870000000000012,-0.3567488776486705
500,0.02067,2.2066,-0.001395999999999998,-0.5081784399250648
501,0.01978,2.1866,-0.002086000000000001,-0.8782261927791526
502,0.01964,2.1717,-0.002076999999999999,-0.8441040920363857
503,0.01953,2.2084,-0.002554000000000004,-1.086014200921051
504,0.0195,2.178,-0.0022800000000000008,-0.8954742574051141
505,0.01917,2.194,-0.0027700000000000016,-1.1427830117587532
506,0.01938,2.251,-0.0031299999999999974,-1.304086137682178
507,0.01918,2.2988,-0.0038080000000000024,-1.6265308568441514
508,0.01964,2.3859,-0.004218999999999997,-1.7764035711107238
509,0.01932,2.2583,-0.003263000000000002,-1.2018125143328628
510,0.01937,2.2199,-0.0028290000000000017,-0.9302831581454054
511,0.01963,2.2364,-0.0027340000000000003,-0.8488548206333971
512,0.01955,2.2087,-0.0025369999999999976,-0.7130097576061204
513,0.01905,2.2447,-0.0033969999999999972,-1.1694948637333038
514,0.01942,2.191,-0.002489999999999999,-0.6208743597681494
515,0.01936,2.1727,-0.002367000000000001,-0.5226398789381449
516,0.02056,2.1747,-0.001187000000000004,0.22931247839493243
517,0.02084,2.1783,-0.0009429999999999994,0.44791059631028374
518,0.02071,2.1737,-0.0010270000000000036,0.4552294783946054
519,0.02054,2.1685,-0.0011450000000000002,0.4018086552653478
520,0.02095,2.1635,-0.0006850000000000016,0.7834446639334957
521,0.02108,2.1657,-0.0005770000000000011,0.892765641087805
522,0.02118,2.158,-0.0003999999999999976,1.0338865009132854
523,0.02116,2.1507,-0.0003470000000000001,1.0793688681452271
524,0.02141,2.1517,-0.00010700000000000293,1.2485161349991343
525,0.02086,2.1655,-0.000795000000000004,0.7288575630846441
526,0.02187,2.16,0.0002699999999999994,1.5055384438335573
527,0.02206,2.1577,0.0004829999999999973,1.6266139795944843
528,0.02215,2.1587,0.0005629999999999975,1.6437445307848668
529,0.02217,2.1497,0.0006729999999999965,1.679602459366969
530,0.0222,2.1497,0.0007029999999999988,1.6681861550485604
531,0.02244,2.1531,0.0009090000000000036,1.768088144164093
532,0.02251,2.1391,0.0011189999999999985,1.8508045886686046
533,0.02263,2.1411,0.0012190000000000013,1.8591284407127728
534,0.02241,2.1522,0.0008879999999999964,1.589114086436832
535,0.02233,2.1537,0.0007929999999999986,1.7448914035253695
536,0.02236,2.1616,0.0007440000000000016,1.6441925387049696
537,0.02253,2.1597,0.0009329999999999998,1.7038693000879865
538,0.0223,2.1517,0.000782999999999999,1.5402033114343023
539,0.02256,2.169,0.0008699999999999992,1.5372852095872163
540,0.02232,2.1587,0.0007329999999999975,1.398377006762346
541,0.02254,2.1609,0.0009310000000000013,1.4698715510496698
542,0.02231,2.1467,0.000843,1.3627914367828298
543,0.02227,2.1437,0.0008330000000000004,1.3081267710999378
544,0.02246,2.1531,0.0009290000000000027,1.3186983873957536
545,0.02235,2.1537,0.0008129999999999978,1.2047416419310153
546,0.02238,2.1592,0.000788000000000004,1.1499406984300569
547,0.02292,2.1542,0.0013780000000000008,1.452437003649646
548,0.02229,2.1457,0.0008330000000000004,1.0881304206464337
549,0.02216,2.1478,0.0006819999999999986,0.9643132819681005
550,0.02228,2.1617,0.0006630000000000004,0.9215465835362044
551,0.02219,2.1563,0.0006270000000000026,0.869918744569961
552,0.02214,2.1487,0.0006530000000000008,0.8584063071750172
553,0.02246,2.1611,0.0008490000000000025,0.9476098901117592
554,0.02231,2.1959,0.0003510000000000006,0.6130962592088326
555,0.02232,2.2003,0.0003170000000000013,0.5681270258291632
556,0.02272,2.2469,0.00025099999999999775,0.5052807782010807
557,0.02282,2.1323,0.0014970000000000018,1.257719010601812
558,0.0227,2.1307,0.0013930000000000019,1.1515836264188184
559,0.02341,2.1214,0.002196,1.590298283399228
560,0.02283,2.1294,0.0015359999999999992,1.143086451706077
561,0.02282,2.1267,0.0015529999999999988,1.1155070630974349
562,0.0226,2.1275,0.0013249999999999998,0.9438812977230618
563,0.02242,2.1248,0.0011719999999999994,0.8217843255303919
564,0.02279,2.1096,0.001694000000000001,1.110447860776303
565,0.02238,2.1268,0.0011120000000000019,0.7208462656400958
566,0.02337,2.1263,0.0021069999999999978,1.32582174465932
567,0.02349,2.1273,0.0022170000000000002,1.3880841312141756
568,0.02383,2.1464,0.002366,1.5064418721788344
569,0.02418,2.1154,0.0030259999999999974,1.9568362217575117
570,0.02447,2.1266,0.0032039999999999985,2.0427053299278715
571,0.02427,2.1168,0.0031020000000000006,1.9310482913196838
572,0.02424,2.1196,0.003043999999999998,1.8543628705914266
573,0.02366,2.1106,0.0025540000000000007,1.5037485379931204
574,0.02349,2.122,0.002270000000000001,1.2660253588127262
575,0.02346,2.1127,0.0023330000000000017,1.3317912831838725
576,0.02366,2.1409,0.002251000000000003,1.227394585088977
577,0.02376,2.1172,0.002588,1.514868280931641
578,0.02364,2.1172,0.0024680000000000014,1.367778622777725
579,0.02416,2.1204,0.0029560000000000003,1.8195207045060866
580,0.0246,2.1011,0.0035889999999999984,2.3507474689935988
581,0.02486,2.1116,0.0037439999999999973,2.381620737077096
582,0.02374,2.1116,0.002623999999999998,1.247007922239264
583,0.02377,2.1156,0.0026139999999999983,1.203625546912146
584,0.02354,2.116,0.0023799999999999967,0.9386751503520562
585,0.02337,2.1168,0.002201999999999999,0.7373591589034315
586,0.02322,2.1183,0.0020370000000000006,0.5372448258498803
587,0.02349,2.105,0.002440000000000001,0.9397714162758051
588,0.02317,2.093,0.002239999999999999,0.697503444776351
589,0.02356,2.131,0.002250000000000002,0.6830492143959391
590,0.02327,2.1377,0.0018929999999999954,0.2732384537957511
591,0.02367,2.1289,0.002381000000000001,0.7844756262861973
592,0.02302,2.1387,0.001632999999999999,-0.05006227550659841
593,0.02319,2.112,0.002069999999999999,0.4180218875627687
594,0.02285,2.1026,0.0018239999999999992,0.12926036136957691
595,0.02247,2.1186,0.0012840000000000004,-0.4851541652295374
596,0.02268,2.126,0.0014200000000000011,-0.3483765517429813
597,0.02311,2.0936,0.002173999999999999,0.48488556791924564
598,0.02289,2.0985,0.0019050000000000004,0.1589175892045322
599,0.02265,2.1116,0.0015339999999999972,-0.283052074843565
600,0.02283,2.1078,0.0017519999999999966,-0.050441174084418575
601,0.02293,2.11,0.0018299999999999983,0.023836733198654304
602,0.02291,2.1303,0.0016069999999999973,-0.2585199422592795
603,0.02244,2.127,0.0011700000000000044,-0.7945602340512243
604,0.0229,2.1587,0.0013129999999999982,-0.633958786671173
605,0.02327,2.1066,0.002204000000000001,0.42573129631877266
606,0.02348,2.1145,0.0023350000000000003,0.5620671618135518
607,0.02314,2.098,0.002160000000000002,0.32874554182239696
608,0.02292,2.1093,0.0018269999999999988,-0.10928838546412505
609,0.02255,2.1289,0.0012610000000000017,-0.851793098444205
610,0.02278,2.1033,0.001747000000000002,-0.255294528006366
611,0.02399,2.078,0.003210000000000001,1.6193421795160332
612,0.02362,2.0696,0.0029239999999999995,1.2091317865748932
613,0.02406,2.0782,0.003278000000000003,1.6267480988564147
614,0.02362,2.0837,0.0027830000000000008,0.9468787020464576
615,0.02252,2.1026,0.0014939999999999988,-0.9188639631628419
616,0.0223,2.0986,0.0013140000000000027,-1.2760466129651937
617,0.02224,2.1117,0.001122999999999999,-1.542250941012405
618,0.02207,2.1173,0.0008969999999999985,-1.8393084773324506
619,0.02193,2.108,0.0008500000000000001,-1.8218050915221378
620,0.02222,2.1168,0.0010520000000000009,-1.4957047450474499
621,0.02199,2.1127,0.0008629999999999992,-1.7142520671670494
622,0.02229,2.1216,0.001074000000000002,-1.4017261308314726
623,0.02219,2.13,0.0008900000000000019,-1.6358609390585996
624,0.02218,2.1392,0.000787999999999997,-1.7148561497941834
625,0.02235,2.0886,0.0014639999999999966,-0.8181020991096629
626,0.02238,2.111,0.0012699999999999968,-1.052787876279492
627,0.02249,2.1284,0.0012059999999999987,-1.1049601175789363
628,0.0226,2.096,0.0016399999999999956,-0.509906801102575
629,0.02281,2.0791,0.002019,0.017753655744455223
630,0.0225,2.0686,0.0018139999999999996,-0.23360978429255944
631,0.0224,2.0795,0.0016049999999999988,-0.4978197997652923
632,0.02252,2.0949,0.0015709999999999995,-0.5206116749112893
633,0.02295,2.1148,0.001802000000000005,-0.17172168593178802
634,0.02284,2.0908,0.0019319999999999962,0.02457882274865754
635,0.02316,2.1025,0.002134999999999998,0.3244648066371704
636,0.02348,2.0765,0.002715000000000002,1.1454342464343246
637,0.02345,2.0455,0.0029949999999999977,1.520061123584571
638,0.02357,2.0862,0.002708000000000002,1.1002145416768878
639,0.02344,2.0626,0.002813999999999997,1.2593261613055267
640,0.02339,2.2107,0.0012829999999999994,-0.9001991078345872
641,0.02354,2.1817,0.0017229999999999954,-0.21130071542022993
642,0.02341,2.1382,0.002028000000000002,0.2934477877445057
643,0.02448,2.1297,0.003182999999999995,2.0849142653819324
644,0.02308,2.1447,0.0016330000000000025,-0.3312240387541009
645,0.02277,2.1136,0.001634,-0.3153104814881075
646,0.02296,1.9213,0.0037470000000000003,2.7778246696127993
647,0.0228,1.9133,0.003667,2.499820843433438
648,0.023,1.9267,0.0037329999999999967,2.4291344464326454
649,0.02272,2.0825,0.0018950000000000009,-0.008441547620049618
650,0.02267,2.0259,0.002411,0.6652639150800764
651,0.02259,2.1213,0.0013769999999999963,-0.684981951372731
652,0.02295,2.1352,0.0015979999999999987,-0.3908532441235926
653,0.02294,2.2293,0.0006469999999999983,-1.5861185307911259
654,0.02323,2.104,0.002190000000000001,0.4082636389664758
655,0.02293,2.1196,0.001733999999999996,-0.19344960395422606
656,0.02287,2.237,0.0005000000000000004,-1.7390547053525518
657,0.02272,2.2407,0.0003130000000000008,-1.8799897164588608
658,0.02221,2.1119,0.0010910000000000017,-0.8967736261897427
659,0.0221,2.0432,0.0016679999999999993,-0.19240399808502515
660,0.02284,2.2606,0.0002339999999999981,-1.862266945478352
661,0.02347,1.832,0.005150000000000002,3.4852710772001823
662,0.02323,1.8274,0.004956000000000002,2.9681697885801235
663,0.0238,1.8064,0.0057360000000000015,3.30679245530377
664,0.02332,1.8504,0.004816000000000001,2.3334650863716337
665,0.02317,1.8499,0.004670999999999998,2.093237358591767
666,0.02336,1.8434,0.004926,2.171546527458916
667,0.0233,1.8635,0.0046650000000000025,1.8767624783018773
668,0.0232,1.8424,0.004775999999999999,1.8657941604249457
669,0.02268,1.8457,0.004223000000000001,1.407428413800093
670,0.02262,1.8814,0.0038060000000000004,1.0727543024417436
671,0.02319,1.9323,0.003866999999999999,1.1008435482002445
672,0.02332,1.874,0.004579999999999997,1.556042606387642
673,0.02303,1.7807,0.0052229999999999985,1.9235179006421979
674,0.02292,1.8484,0.004435999999999999,1.3524333781455846
675,0.02226,1.8872,0.0033879999999999987,0.6342055602875886
676,0.02179,1.8798,0.0029920000000000016,0.35362892083006814
677,0.02193,1.9182,0.0027480000000000004,0.17387162023477037
678,0.02178,1.9274,0.0025060000000000013,-0.0067969340300034955
679,0.02187,1.9562,0.002308000000000001,-0.1593719996835127
680,0.02207,1.9725,0.002345,-0.15009883131843735
681,0.02192,1.9535,0.0023849999999999982,-0.14164444399249007
682,0.0221,1.9425,0.0026750000000000038,0.04320243357541381
683,0.02206,1.9435,0.002624999999999999,-0.012777743316411285
684,0.02186,1.9425,0.002435000000000003,-0.17116566063282232
685,0.02158,2.0451,0.001128999999999998,-1.112627974712101
686,0.02204,2.0596,0.0014440000000000008,-0.8883109195944
687,0.0219,2.0366,0.0015340000000000006,-0.8301100730409858
688,0.02188,2.0476,0.001403999999999999,-0.9197403710259808
689,0.02202,2.0534,0.0014860000000000012,-0.8499751385397791
690,0.02232,2.0276,0.002043999999999997,-0.44951796079881934
691,0.02206,2.0249,0.0018109999999999966,-0.6220100558245162
692,0.02218,2.0297,0.0018829999999999958,-0.5750137026462204
693,0.02255,2.0386,0.0021639999999999993,-0.3756506049302567
694,0.02269,2.0415,0.0022749999999999958,-0.2993539721343232
695,0.0222,2.0489,0.0017109999999999972,-0.7044703597777511
696,0.0223,2.0715,0.0015849999999999996,-0.7784976770839966
697,0.02268,2.06,0.0020799999999999985,-0.408112126798204
698,0.02259,2.0835,0.0017549999999999996,-0.6299080618968476
699,0.02259,2.0957,0.001632999999999999,-0.7009055752523895
700,0.02311,2.1117,0.0019929999999999982,-0.45331253319174775
701,0.02212,2.0953,0.0011670000000000014,-1.038218317783269
702,0.02206,2.0777,0.0012829999999999994,-0.9400362769624158
703,0.02224,2.0709,0.0015309999999999976,-0.7406509628810445
704,0.02352,2.0667,0.002852999999999998,0.18758054393873452
705,0.02362,2.0701,0.002918999999999998,0.22026233511980306
706,0.02354,2.0657,0.0028829999999999967,0.20586490418583145
707,0.02355,2.0685,0.002865000000000003,0.20349598973996938
708,0.02376,2.0556,0.0032039999999999985,0.4576145394444111
709,0.02381,2.0654,0.0031560000000000026,0.4076401895012349
710,0.02356,2.0626,0.002933999999999999,0.23944908467060005
711,0.02361,2.0606,0.0030039999999999997,0.27239772142128593
712,0.02371,2.064,0.0030699999999999963,0.30406194756995025
713,0.02409,2.0936,0.0031540000000000006,0.3413001437612704
714,0.02405,2.1006,0.003043999999999998,0.2483523297710693
715,0.02393,2.1022,0.002908000000000001,0.1322489703476134
716,0.02392,2.1027,0.0028929999999999997,0.0931858542171724
717,0.02405,2.1098,0.0029519999999999998,0.10819735017489075
718,0.02507,2.1016,0.004053999999999999,0.9561317675670847
719,0.02527,2.1116,0.004153999999999998,1.0025869373149978
720,0.02378,2.1033,0.0027469999999999994,-0.16932787018341428
721,0.02281,2.1059,0.001750999999999999,-0.9776665236875698
722,0.0224,2.107,0.0013299999999999979,-1.3031098881592857
723,0.02227,2.0946,0.0013240000000000023,-1.299421696282237
724,0.02269,2.1378,0.0013119999999999972,-1.2784185987143835
725,0.02231,2.2009,0.00030100000000000265,-2.1189681276865824
726,0.02258,2.0696,0.0018840000000000003,-0.6536781859120744
727,0.02175,2.0736,0.0010139999999999975,-1.4409505602905197
728,0.02138,2.0884,0.0004959999999999999,-1.8893480319002036
729,0.02115,2.0726,0.0004239999999999973,-1.8876036327411356
730,0.02139,2.0567,0.0008229999999999973,-1.4519601368205475
731,0.02094,2.0579,0.0003610000000000002,-1.821681401960853
732,0.02091,2.0766,0.00014400000000000177,-1.9750739626663858
733,0.02098,2.0946,3.399999999999931e-05,-2.0791404800353064
734,0.02072,2.1199,-0.00047900000000000026,-2.4911304841167667
735,0.02047,2.1639,-0.001169,-2.9111882351061467
736,0.02068,2.1136,-0.0004559999999999981,-2.123348781017613
737,0.02144,2.0376,0.0010640000000000024,-0.7268288511522921
738,0.02156,2.042,0.0011400000000000021,-0.6372418939590261
739,0.0216,2.0555,0.0010450000000000008,-0.7020174591240106
740,0.02306,2.1282,0.0017779999999999983,-0.03405959465029518
741,0.02306,2.1229,0.0018309999999999993,0.022090418136559747
742,0.02306,2.1203,0.001857000000000001,0.05820685191092599
743,0.02306,2.0869,0.002191000000000002,0.3695390016477322
744,0.02318,2.1319,0.001860999999999998,0.07762138829390328
745,0.02301,2.1377,0.0016329999999999956,-0.1389510158604559
746,0.02302,2.1551,0.001468999999999998,-0.28976609788045044
747,0.02306,2.1573,0.0014869999999999987,-0.27248846240718694
748,0.02306,2.1524,0.0015359999999999992,-0.22970884002150121
749,0.02345,2.1457,0.0019929999999999982,0.18192580194859415
750,0.02318,2.1717,0.001462999999999999,-0.29557827943876847
751,0.02341,2.2099,0.0013109999999999962,-0.4267393668970406
752,0.02326,2.1867,0.0013929999999999984,-0.3438081717138483
753,0.0234,2.2134,0.0012659999999999998,-0.44609179352639433
754,0.02396,2.1989,0.001970999999999997,0.20378904277476367
755,0.02327,2.2294,0.0009759999999999977,-0.6937659556474322
756,0.02282,2.2317,0.000503,-1.0975088245602735
757,0.02282,2.2444,0.00037599999999999786,-1.1734657591173339
758,0.02265,2.2588,6.199999999999956e-05,-1.404254453492868
759,0.02262,2.2768,-0.0001480000000000023,-1.530674441268641
760,0.0226,2.2783,-0.0001830000000000026,-1.5008446949859837
761,0.02306,2.2806,0.0002539999999999973,-1.1086093883205559
762,0.02224,2.2562,-0.00032200000000000284,-1.5362372354025864
763,0.02247,2.2935,-0.00046500000000000014,-1.5902763262576267
764,0.02267,2.2908,-0.0002380000000000021,-1.358676430403018
765,0.02357,2.2822,0.0007479999999999987,-0.5499954881474455
766,0.02352,2.2761,0.0007589999999999993,-0.5176316782740426
767,0.02371,2.2764,0.0009459999999999955,-0.3439506456657144
768,0.02356,2.2686,0.0008739999999999998,-0.37817521388341785
769,0.02301,2.3172,-0.00016200000000000242,-1.2070651353034518
770,0.02398,2.2628,0.0013520000000000025,0.09173918850044999
771,0.02502,2.2109,0.0029110000000000004,1.4315157966483416
772,0.02517,2.522,-4.999999999999796e-05,-1.0779664452365028
773,0.02498,2.5301,-0.00032100000000000184,-1.2775007080497882
774,0.02554,2.533,0.00021000000000000185,-0.7848031082934458
775,0.02531,2.534,-2.9999999999998778e-05,-0.9706471031304901
776,0.02599,2.548,0.0005099999999999966,-0.45389925812485027
777,0.02543,2.531,0.00011999999999999858,-0.7917878435839247
778,0.02575,2.5271,0.00047900000000000026,-0.42545303112913413
779,0.02528,2.5317,-3.699999999999884e-05,-0.980370850689129
780,0.0251,2.5398,-0.00029799999999999965,-1.2575343107505683
781,0.02605,2.5493,0.0005569999999999985,-0.23006898738626114
782,0.02607,2.554,0.0005299999999999992,-0.24722680814474224
783,0.02635,2.516,0.0011899999999999966,0.5449401252827684
784,0.02647,2.539,0.0010799999999999976,0.41901050584082933
785,0.02594,2.6271,-0.00033099999999999796,-1.2473440492676995
786,0.02631,2.5156,0.0011539999999999988,0.5366148809812946
787,0.02627,2.506,0.0012100000000000027,0.5989207078450328
788,0.02653,2.5135,0.0013950000000000004,0.7991669807636017
789,0.02654,2.5094,0.0014460000000000028,0.8356368915240373
790,0.02683,2.5193,0.0016369999999999996,1.0370015658485152
791,0.02599,2.5419,0.0005709999999999986,-0.22358481479821377
792,0.02651,2.54,0.0011099999999999964,0.3947520196367505
793,0.02596,2.5331,0.0006289999999999976,-0.1876420892320873
794,0.02594,2.518,0.0007600000000000037,-0.05729177617085064
795,0.02572,2.5215,0.0005049999999999985,-0.42208543133740767
796,0.02641,2.4749,0.0016609999999999993,1.0264011617337265
797,0.02595,2.4919,0.0010310000000000041,0.20933509052949578
798,0.02634,2.6781,-0.0004410000000000039,-1.630671611183826
799,0.02675,2.5381,0.0013689999999999987,0.6583155905526823
800,0.02641,2.5745,0.0006649999999999989,-0.2116087285514074
801,0.02644,2.572,0.0007200000000000019,-0.11916124818005794
802,0.02644,2.5399,0.0010410000000000037,0.320252422326355
803,0.02569,2.5476,0.0002139999999999989,-0.7453899678521776
804,0.02615,2.5342,0.0008079999999999997,0.08319632890579144
805,0.02609,2.519,0.000899999999999998,0.22973093780177398
806,0.02565,2.4259,0.0013909999999999999,0.9186161889210486
807,0.02592,2.4199,0.0017209999999999968,1.3654991123067035
808,0.02682,2.4715,0.0021050000000000027,1.8490409181414673
809,0.02667,2.4399,0.0022709999999999952,2.044286191989859
810,0.02684,2.4319,0.0025209999999999955,2.268081335056012
811,0.02697,2.4411,0.0025589999999999988,2.2019120512078256
812,0.0267,2.4109,0.002591000000000003,2.1381508223555366
813,0.02707,2.4136,0.002933999999999999,2.3951910781042423
814,0.02703,2.4493,0.0025369999999999976,1.8974071924293183
815,0.028,2.4139,0.003861,3.0520552979595292
816,0.02769,2.4319,0.0033709999999999955,2.37705863578975
817,0.02742,2.4696,0.0027240000000000007,1.6681881371144103
818,0.02773,2.4534,0.003196000000000001,2.0104617740201998
819,0.02866,2.4459,0.004201,2.7171922493823084
820,0.02602,2.4219,0.0018010000000000005,0.5848839486863819
821,0.02556,2.4146,0.0014139999999999986,0.22612899081447504
822,0.02572,2.4609,0.0011109999999999974,-0.06578172599791186
823,0.02722,2.4539,0.0026809999999999994,1.3113213053976602
824,0.0269,2.5399,0.0015010000000000023,0.2172974102270979
825,0.02652,2.5451,0.001068999999999997,-0.1860726811953271
826,0.02482,2.5509,-0.0006890000000000021,-1.7426256736642096
827,0.02481,2.5331,-0.0005210000000000041,-1.53799254447528
828,0.02457,2.5689,-0.001119000000000002,-1.9687542554137722
829,0.025,2.7902,-0.0029019999999999983,-3.1735967596501125
830,0.02493,2.7261,-0.002331000000000003,-2.5264648897073663
831,0.02482,2.6571,-0.001750999999999999,-1.9998705160087338
832,0.02488,2.6621,-0.001741000000000003,-1.9182871910697203
833,0.02697,2.6419,0.0005509999999999994,-0.31222924385160017
834,0.02691,2.6371,0.0005389999999999978,-0.32522054326918587
835,0.02829,2.6141,0.002148999999999998,0.7943707696387078
836,0.02755,2.575,0.0017999999999999995,0.5301880787549971
837,0.02699,2.6741,0.0002489999999999992,-0.5737060117208446
838,0.02879,2.3688,0.005102000000000002,2.649886257528911
839,0.02883,2.3909,0.004921000000000002,2.364157947876347
840,0.02855,2.4095,0.004454999999999997,1.9639703576726815
841,0.03082,2.3969,0.0068509999999999995,3.1001086785259204
842,0.03081,2.4163,0.006647,2.7365256934311986
843,0.03065,2.4019,0.0066310000000000015,2.528432365143649
844,0.03044,2.4349,0.006090999999999999,2.128501244840076
845,0.03149,2.507,0.006419999999999995,2.1587890778210745
846,0.03185,2.4652,0.007198000000000003,2.354989425797091
847,0.03212,2.495,0.007170000000000003,2.2020762082461998
848,0.03176,2.4399,0.0073609999999999925,2.1509572477769052
849,0.03161,2.44,0.007209999999999998,1.9808092504965646
850,0.03164,2.4572,0.007068000000000001,1.8343089525043323
851,0.03162,2.4919,0.0067010000000000056,1.6227422015549264
852,0.03157,2.5548,0.006022,1.3195802317706742
853,0.03195,2.558,0.006370000000000001,1.394650156899287
854,0.03133,2.558,0.005749999999999998,1.129274513888319
855,0.03084,2.527,0.0055699999999999986,1.029191595767423
856,0.03149,2.5096,0.006393999999999997,1.2815388287100917
857,0.03117,2.4933,0.0062369999999999995,1.1841506344235584
858,0.0323,2.5097,0.007203000000000001,1.470403751239002
859,0.03178,2.511,0.006670000000000002,1.2391504758364627
860,0.03153,2.504,0.006490000000000003,1.1371359599981794
861,0.03108,2.4829,0.006251,1.019933015981426
862,0.03073,2.481,0.005920000000000002,0.8765265378202951
863,0.03036,2.4959,0.005401000000000003,0.6723953805749505
864,0.0305,2.504,0.00546,0.6682862100333815
865,0.03091,2.4919,0.005991000000000003,0.824542353635425
866,0.03067,2.511,0.005559999999999999,0.6513254549804793
867,0.03112,2.5237,0.005882999999999999,0.7392819924561677
868,0.03165,2.5084,0.006565999999999999,0.9467069634310308
869,0.03269,2.4549,0.008140999999999999,1.4363712676459657
870,0.03146,2.4598,0.006862,0.9690613293403925
871,0.03094,2.445,0.006489999999999999,0.8175745338265838
872,0.03075,2.4388,0.006362,0.7510138626543273
873,0.032,2.4769,0.007230999999999998,1.0122079423586545
874,0.03221,2.4927,0.007283000000000001,0.9971896808608232
875,0.03307,2.4869,0.008201000000000003,1.2610422648363144
876,0.03311,2.5073,0.008037000000000002,1.1687836078025255
877,0.03249,2.5104,0.007385999999999997,0.9278553511739884
878,0.03392,2.4986,0.008933999999999997,1.37602890685361
879,0.03301,2.4855,0.008154999999999996,1.0958946144317048
880,0.03001,2.4529,0.005480999999999996,0.23624123326813995
881,0.03009,2.5246,0.004843999999999998,0.016389835426078664
882,0.03031,2.4819,0.005490999999999999,0.20244136595043521
883,0.03025,2.545,0.004799999999999999,-0.032877366632235554
884,0.0304,2.6541,0.003858999999999998,-0.35504607022749507
885,0.03034,2.64,0.003939999999999996,-0.34869070980678535
886,0.0301,2.6408,0.0036919999999999974,-0.4692605674773023
887,0.0308,2.6851,0.003949000000000001,-0.41954761915289385
888,0.03032,2.7344,0.0029759999999999995,-0.8183345455142836
889,0.03037,2.6567,0.003803000000000001,-0.6017672307399132
890,0.03032,2.7659,0.002661,-1.1737958164602058
891,0.03037,2.8038,0.0023320000000000007,-1.4416117392455083
892,0.03005,2.7387,0.0026629999999999987,-1.4429836957837288
893,0.03025,2.3968,0.006281999999999999,0.3426824336223925
894,0.02926,2.4093,0.0051670000000000015,-0.30955654935589194
895,0.02677,2.379,0.0029799999999999965,-1.5799121832904044
896,0.02637,2.3817,0.0025529999999999997,-1.8608796753469792
897,0.02597,2.3815,0.0021550000000000007,-2.2265107371899
898,0.02601,2.4034,0.0019759999999999986,-2.2088434758370363
899,0.02611,2.4124,0.0019860000000000017,-2.0942892934754407
900,0.02667,2.4126,0.002544000000000001,-1.7206132839740664
901,0.02717,2.385,0.00332,-1.2444021920477781
902,0.02201,2.3715,-0.0017050000000000051,-3.5044160078489486
903,0.0217,2.3539,-0.0018390000000000004,-3.1887347750138404
904,0.02206,2.3237,-0.001177000000000001,-2.6626590006056525
905,0.02186,2.3702,-0.0018419999999999999,-2.702324022561159
906,0.02192,2.4353,-0.002433000000000001,-2.701455484920092
907,0.02217,2.4513,-0.0023430000000000013,-2.4825039372811575
908,0.02186,2.4709,-0.0028489999999999974,-2.4775501545350385
909,0.02194,2.4713,-0.0027729999999999977,-2.3002733688696413
910,0.02134,2.4955,-0.0036149999999999967,-2.400939908143046
911,0.0207,2.4035,-0.003335000000000001,-2.179995892426683
912,0.02034,2.4024,-0.0036839999999999998,-2.150757349388554
913,0.02045,2.4324,-0.003873999999999999,-2.083077016437462
914,0.0206,2.4447,-0.0038469999999999997,-1.9680684299372089
915,0.01965,2.4331,-0.004681000000000001,-2.069114525878681
916,0.01915,2.4273,-0.005122999999999999,-2.0642089302208246
917,0.02022,2.4507,-0.004287000000000003,-1.771960946684443
918,0.02071,2.5494,-0.004784,-1.8076993624810043
919,0.01955,2.5807,-0.006257000000000002,-2.04469651611814
920,0.02267,2.6007,-0.0033369999999999997,-1.3213233129987636
921,0.02187,2.5897,-0.004027000000000003,-1.4242138294173687
922,0.02013,2.5549,-0.005419,-1.6656485349458627
923,0.01881,2.5337,-0.0065270000000000016,-1.8222822680112336
924,0.02114,2.5583,-0.0044430000000000025,-1.3209467802420536
925,0.02452,2.5798,-0.0012780000000000014,-0.6174615072408962
926,0.02478,2.6022,-0.001242,-0.5872332802999992
927,0.02637,2.6226,0.00014400000000000177,-0.26848840925449874
928,0.0243,2.6387,-0.002087000000000002,-0.7282431753563804
929,0.02519,2.6186,-0.0009959999999999969,-0.4638212453331391
930,0.02481,2.6071,-0.0012610000000000017,-0.49897583805484685
931,0.02449,2.6158,-0.0016679999999999993,-0.566517400422735
932,0.02616,2.6347,-0.00018700000000000314,-0.2054288178120279
933,0.02497,2.6374,-0.0014040000000000025,-0.46281448112179774
934,0.02471,2.6409,-0.0016989999999999991,-0.507221409227984
935,0.02611,2.6406,-0.0002960000000000011,-0.13909720894355554
936,0.02871,2.6201,0.002509000000000001,0.5994013694745739
937,0.02933,2.6443,0.0028870000000000007,0.7341838338910872
938,0.02955,2.6231,0.003318999999999999,0.9096088199371781
939,0.02987,2.7404,0.0024659999999999994,0.7306184434165524
940,0.03027,2.6211,0.004058999999999997,1.2039123295445031
941,0.03005,2.6142,0.003908000000000002,1.1718451755845385
942,0.02968,2.6849,0.0028310000000000037,0.8869216541633688
943,0.03016,2.6496,0.0036640000000000006,1.1467210934075247
944,0.0295,2.5932,0.0035679999999999983,1.121546704505386
945,0.02908,2.58,0.0032800000000000017,1.043044025145311
946,0.03098,2.6135,0.004844999999999999,1.4933267660148821
947,0.03171,2.6787,0.004923,1.501607116022529
948,0.03181,2.5659,0.006150999999999997,1.8083529055731344
949,0.03198,2.5848,0.006132000000000002,1.7626118836395617
950,0.03217,2.5729,0.006440999999999995,1.7904035533236156
951,0.03328,2.5676,0.007603999999999996,2.0208791963825066
952,0.03336,2.6108,0.0072520000000000015,1.8562847220187835
953,0.03366,2.6653,0.007007000000000003,1.779489408484667
954,0.03425,2.6674,0.007575999999999999,1.8849524060476275
955,0.03404,2.629,0.00775,1.8594487477249018
956,0.03425,2.6865,0.007385000000000003,1.708775187488247
957,0.03428,2.7241,0.007038999999999997,1.5728765747269196
958,0.03427,2.6113,0.008157000000000001,1.7672333129527873
959,0.03365,2.5595,0.008055,1.6793957106172492
960,0.03354,2.5817,0.007722999999999997,1.5537994843844367
961,0.03306,2.7111,0.005948999999999999,1.140313749208907
962,0.03315,2.8002,0.005148,0.9340465867794991
963,0.03375,2.8071,0.005679,1.0169301530222044
964,0.03416,2.8109,0.006051000000000001,1.0633205071321825
965,0.03334,2.7751,0.005589,0.9329615095660729
966,0.03297,2.7464,0.0055060000000000005,0.8854197860992088
967,0.03275,2.8132,0.004618000000000001,0.6706784013345393
968,0.03278,2.8369,0.004410999999999995,0.6027383729294893
969,0.03269,2.8163,0.004526999999999996,0.6043494782740298
970,0.0339,2.8292,0.005607999999999998,0.8108706264617332
971,0.03416,2.7776,0.006384000000000001,0.9485756024894166
972,0.03421,2.8205,0.0060049999999999965,0.8364722299901607
973,0.03408,2.9077,0.005002999999999997,0.589657692860337
974,0.03458,2.9196,0.005384,0.649188162484275
975,0.03444,2.9151,0.0052889999999999986,0.6020924619283196
976,0.03465,2.9696,0.004954,0.4987702265844245
977,0.03411,3.0563,0.0035470000000000015,0.13601024958495841
978,0.03433,2.9627,0.004702999999999999,0.39165407167740707
979,0.03483,2.8614,0.006215999999999999,0.7543340092841617
980,0.03434,2.8893,0.0054470000000000005,0.5259735582423631
981,0.0342,2.93,0.004899999999999998,0.3501495381553107
982,0.03497,2.9138,0.005832,0.5911888537674846
983,0.03396,3.0064,0.0038959999999999932,-0.03782478098637557
984,0.03571,2.8956,0.006754,0.8817954693258266
985,0.03505,2.9189,0.005860999999999998,0.5482712906608147
986,0.03517,2.9117,0.006052999999999996,0.5918268277662334
987,0.03502,2.8921,0.006099,0.5832322897192069
988,0.03581,2.8406,0.007404000000000004,1.0597983501409212
989,0.03573,2.9273,0.006457000000000001,0.6671183557936242
990,0.03378,2.9297,0.004482999999999997,-0.18728360332529626
991,0.03407,2.9144,0.004926,-0.04700795992481279
992,0.03425,2.9853,0.004397000000000002,-0.3460508806804853
993,0.03627,2.9439,0.006830999999999993,0.8521747065024816
994,0.03512,2.9449,0.0056709999999999955,0.18869150963721182
995,0.03357,2.8675,0.004895,-0.38244766428861504
996,0.03453,3.0277,0.004253,-0.8705986236468366
997,0.03818,2.9771,0.008408999999999996,2.003235366602884
998,0.0368,3.063,0.006169999999999998,0.39736119254346336
999,0.03497,3.0947,0.004022999999999999,-1.209234241032152
